{"cameraMode":{"drawMode":0,"name":"Shaded","section":"Shading Mode"},"sceneLighting":false,"audioPlay":false,"sceneViewState":{"showFog":true,"showMaterialUpdate":false,"showSkybox":false,"showFlares":true,"showImageEffects":true,"showParticleSystems":true},"in2DMode":false,"pivot":{"x":12.5,"y":9.84000015258789,"z":-0.25426483154296877},"rotation":{"x":0.13041947782039643,"y":-0.13341954350471497,"z":0.017714394256472589,"w":0.9822813272476196},"size":6.5964131355285648,"orthographic":true}