{"cameraMode":{"drawMode":0,"name":"Shaded","section":"Shading Mode"},"sceneLighting":true,"audioPlay":false,"sceneViewState":{"showFog":true,"showMaterialUpdate":false,"showSkybox":false,"showFlares":true,"showImageEffects":true,"showParticleSystems":true},"in2DMode":false,"pivot":{"x":-5.230000019073486,"y":11.770000457763672,"z":9.050000190734864},"rotation":{"x":0.1001504585146904,"y":-0.05966147407889366,"z":0.006016336381435394,"w":0.9931645393371582},"size":10.0,"orthographic":false}