{"cameraMode":{"drawMode":0,"name":"Shaded","section":"Shading Mode"},"sceneLighting":true,"audioPlay":false,"sceneViewState":{"showFog":true,"showMaterialUpdate":false,"showSkybox":true,"showFlares":true,"showImageEffects":true,"showParticleSystems":true},"in2DMode":false,"pivot":{"x":-25.763671875,"y":25.587890625,"z":-15.69921875},"rotation":{"x":0.13041947782039643,"y":-0.13341954350471497,"z":0.017714394256472589,"w":0.9822813272476196},"size":13.876176834106446,"orthographic":true}