{"cameraMode":{"drawMode":0,"name":"Shaded","section":"Shading Mode"},"sceneLighting":true,"audioPlay":false,"sceneViewState":{"showFog":true,"showMaterialUpdate":true,"showSkybox":true,"showFlares":true,"showImageEffects":true,"showParticleSystems":true},"in2DMode":false,"pivot":{"x":231.31723022460938,"y":64.04747009277344,"z":-34.05950927734375},"rotation":{"x":-0.012880876660346985,"y":-0.05188127979636192,"z":0.0006695683696307242,"w":-0.9985771179199219},"size":64.58213806152344,"orthographic":false}