{"cameraMode":{"drawMode":0,"name":"Shaded","section":"Shading Mode"},"sceneLighting":false,"audioPlay":false,"sceneViewState":{"showFog":true,"showMaterialUpdate":true,"showSkybox":false,"showFlares":true,"showImageEffects":true,"showParticleSystems":true},"in2DMode":false,"pivot":{"x":-1.1920928955078126e-7,"y":5.960464477539063e-8,"z":0.0},"rotation":{"x":-0.05518636107444763,"y":-0.7659035325050354,"z":0.06633791327476502,"w":-0.6371495723724365},"size":2.430803060531616,"orthographic":false}